{"cameraMode":{"drawMode":0,"name":"Shaded","section":"Shading Mode"},"sceneLighting":false,"audioPlay":false,"sceneViewState":{"showFog":true,"showMaterialUpdate":false,"showSkybox":false,"showFlares":true,"showImageEffects":true,"showParticleSystems":true},"in2DMode":false,"pivot":{"x":0.00036031007766723633,"y":1.2844161987304688,"z":0.0679081380367279},"rotation":{"x":-0.0306256040930748,"y":0.969134509563446,"z":-0.16168290376663209,"w":-0.18357014656066895},"size":5.539098739624023,"orthographic":false}