{"cameraMode":{"drawMode":0,"name":"Shaded","section":"Shading Mode"},"sceneLighting":true,"audioPlay":false,"sceneViewState":{"showFog":true,"showMaterialUpdate":false,"showSkybox":true,"showFlares":true,"showImageEffects":true,"showParticleSystems":true},"in2DMode":false,"pivot":{"x":251.281494140625,"y":100.8231201171875,"z":242.4068603515625},"rotation":{"x":-0.11324555426836014,"y":0.19743329286575318,"z":-0.022967446595430375,"w":-0.9734835624694824},"size":1449.5965576171875,"orthographic":false}